Category,Quantity,UPC,Price_x,Price_i,Tax,Review
Poetry,22,a897fe39b1053632,ýý51.77,ýý51.77,ýý0.00,0
Historical Fiction,20,90fa61229261140a,ýý53.74,ýý53.74,ýý0.00,0
Fiction,20,6957f44c3847a760,ýý50.10,ýý50.10,ýý0.00,0
Mystery,20,e00eb4fd7b871a48,ýý47.82,ýý47.82,ýý0.00,0
History,20,4165285e1663650f,ýý54.23,ýý54.23,ýý0.00,0
Young Adult,19,f77dbf2323deb740,ýý22.65,ýý22.65,ýý0.00,0
Business,19,2597b5a345f45e1b,ýý33.34,ýý33.34,ýý0.00,0
Default,19,e72a5dfc7e9267b2,ýý17.93,ýý17.93,ýý0.00,0
Default,19,e10e1e165dc8be4a,ýý22.60,ýý22.60,ýý0.00,0
Poetry,19,1dfe412b8ac00530,ýý52.15,ýý52.15,ýý0.00,0
Default,19,0312262ecafa5a40,ýý13.99,ýý13.99,ýý0.00,0
Poetry,19,30a7f60cd76ca58c,ýý20.66,ýý20.66,ýý0.00,0
Young Adult,19,ce6396b0f23f6ecc,ýý17.46,ýý17.46,ýý0.00,0
Sequential Art,19,3b1c02bac2a429e6,ýý52.29,ýý52.29,ýý0.00,0
Music,19,a34ba96d4081e6a4,ýý35.02,ýý35.02,ýý0.00,0
Music,19,deda3e61b9514b83,ýý57.25,ýý57.25,ýý0.00,0
Poetry,19,feb7cc7701ecf901,ýý23.88,ýý23.88,ýý0.00,0
Science Fiction,19,e30f54cea9b38190,ýý37.59,ýý37.59,ýý0.00,0
Politics,19,a18a4f574854aced,ýý51.33,ýý51.33,ýý0.00,0
Travel,19,a22124811bfa8350,ýý45.17,ýý45.17,ýý0.00,0
Thriller,19,23356462d1320d61,ýý12.84,ýý12.84,ýý0.00,0
Music,19,327f68a59745c102,ýý37.32,ýý37.32,ýý0.00,0
Food and Drink,19,5674a18a29a43ced,ýý30.52,ýý30.52,ýý0.00,0
Romance,19,c2e46a2ee3b4a322,ýý25.27,ýý25.27,ýý0.00,0
Romance,19,00bfed9e18bb36f3,ýý34.53,ýý34.53,ýý0.00,0
Childrens,19,9528d0948525bf5f,ýý54.64,ýý54.64,ýý0.00,0
Default,19,c7d160c2c0de586f,ýý22.50,ýý22.50,ýý0.00,0
Default,19,904208d6aa64b655,ýý53.13,ýý53.13,ýý0.00,0
Nonfiction,18,4c28def39d850cdf,ýý40.30,ýý40.30,ýý0.00,0
Art,18,ccd9ffa25efabdea,ýý44.18,ýý44.18,ýý0.00,0
Spirituality,18,6258a1f6a6dcfe50,ýý17.66,ýý17.66,ýý0.00,0
Nonfiction,18,3c039985229453bf,ýý31.05,ýý31.05,ýý0.00,0
Thriller,18,5dada2b7be26bd03,ýý23.82,ýý23.82,ýý0.00,0
Childrens,18,9f6568e9c95f60b0,ýý36.89,ýý36.89,ýý0.00,0
Philosophy,18,6be3beb0793a53e7,ýý15.94,ýý15.94,ýý0.00,0
Default,18,668fe56b17cfcd4f,ýý33.29,ýý33.29,ýý0.00,0
Default,18,094b269567e1c300,ýý18.02,ýý18.02,ýý0.00,0
Mystery,18,19ed25f4641d5efd,ýý19.63,ýý19.63,ýý0.00,0
Thriller,18,be5cc846f45496fb,ýý52.22,ýý52.22,ýý0.00,0
Poetry,17,55f9da0c5eea2e10,ýý33.63,ýý33.63,ýý0.00,0
Poetry,17,b4fd5943413e089a,ýý57.31,ýý57.31,ýý0.00,0
Nonfiction,17,c8f7f0cb1abb9cac,ýý26.41,ýý26.41,ýý0.00,0
Fiction,17,b12b89017878a60d,ýý47.61,ýý47.61,ýý0.00,0
Nonfiction,17,c27f6e1f185b0383,ýý23.11,ýý23.11,ýý0.00,0
New Adult,16,acddfeab2a407640,ýý45.07,ýý45.07,ýý0.00,0
Contemporary,16,3ecb690d1542c568,ýý31.77,ýý31.77,ýý0.00,0
Fiction,16,8d455c7539795d2a,ýý50.27,ýý50.27,ýý0.00,0
Poetry,16,657fe5ead67a7767,ýý14.27,ýý14.27,ýý0.00,0
Nonfiction,16,d170b5a0da46380e,ýý44.18,ýý44.18,ýý0.00,0
Fantasy,16,7ae099f3898e0209,ýý18.78,ýý18.78,ýý0.00,0
History,16,9a9d6e9bc555731e,ýý25.52,ýý25.52,ýý0.00,0
Sequential Art,16,09555be379ad9253,ýý16.28,ýý16.28,ýý0.00,0
Nonfiction,16,7858914fad68493c,ýý31.12,ýý31.12,ýý0.00,0
Sequential Art,16,51653ef291ab7ddc,ýý19.49,ýý19.49,ýý0.00,0
Fiction,16,709822d0b5bcb7f4,ýý17.27,ýý17.27,ýý0.00,0
Add a comment,16,4eed62cf5f8d8edf,ýý19.09,ýý19.09,ýý0.00,0
Childrens,16,b5ea0b5dabed25a8,ýý56.13,ýý56.13,ýý0.00,0
Food and Drink,16,142d767a56a9254d,ýý56.41,ýý56.41,ýý0.00,0
Mystery,16,5ee94540d0749ea0,ýý56.50,ýý56.50,ýý0.00,0
Young Adult,16,cedf82b5086e4691,ýý45.22,ýý45.22,ýý0.00,0
Sequential Art,16,7d385d34d12e60ff,ýý38.16,ýý38.16,ýý0.00,0
Fiction,16,d01ac97e2b8947c2,ýý54.11,ýý54.11,ýý0.00,0
Science,16,aadee1c326d286e3,ýý42.96,ýý42.96,ýý0.00,0
Add a comment,16,31075275518532d7,ýý23.89,ýý23.89,ýý0.00,0
Nonfiction,16,0da9aa9d24677fc0,ýý16.77,ýý16.77,ýý0.00,0
Default,16,8c9e6bf2467d740d,ýý20.59,ýý20.59,ýý0.00,0
Nonfiction,16,acd86a5426e21ca0,ýý37.13,ýý37.13,ýý0.00,0
Nonfiction,16,a30b270e25489e5c,ýý56.06,ýý56.06,ýý0.00,0
Philosophy,16,bd261725b99f5983,ýý58.11,ýý58.11,ýý0.00,0
Health,16,43c6a960757cf559,ýý49.05,ýý49.05,ýý0.00,0
Add a comment,16,80cfab6bcff3a244,ýý40.76,ýý40.76,ýý0.00,0
History,16,a3d2a4250807f1e9,ýý19.73,ýý19.73,ýý0.00,0
Spirituality,16,7d6d2a6c0276f81b,ýý32.24,ýý32.24,ýý0.00,0
Nonfiction,16,87b0615b6e1f4d7b,ýý41.83,ýý41.83,ýý0.00,0
Default,16,e6af5bf1163c1151,ýý39.58,ýý39.58,ýý0.00,0
Horror,16,6f78a0d744c35456,ýý39.25,ýý39.25,ýý0.00,0
Fantasy,16,c849f0b2f5d6a742,ýý25.02,ýý25.02,ýý0.00,0
Sequential Art,16,53a3d11bb568cc8b,ýý51.04,ýý51.04,ýý0.00,0
Nonfiction,16,d7310206583a54b6,ýý19.83,ýý19.83,ýý0.00,0
Sequential Art,16,c82a3e358c773c73,ýý50.40,ýý50.40,ýý0.00,0
Sequential Art,16,0fa6dceead7ce47a,ýý13.61,ýý13.61,ýý0.00,0
Fantasy,16,0e691eda369f4e09,ýý13.34,ýý13.34,ýý0.00,0
Sequential Art,16,e80f8e518b300dfe,ýý18.97,ýý18.97,ýý0.00,0
History,16,7392c0032f92d816,ýý36.28,ýý36.28,ýý0.00,0
Sequential Art,16,9429b4d59c537af5,ýý10.16,ýý10.16,ýý0.00,0
Sequential Art,16,889139b8e9c4cb36,ýý15.44,ýý15.44,ýý0.00,0
Sequential Art,16,11809b1d323b3057,ýý48.41,ýý48.41,ýý0.00,0
Self Help,16,9ffa38d3b832433a,ýý46.35,ýý46.35,ýý0.00,0
Add a comment,16,b757c0c361e689ce,ýý14.07,ýý14.07,ýý0.00,0
Young Adult,16,3c346ab1e76ae1f6,ýý14.86,ýý14.86,ýý0.00,0
Food and Drink,16,784bc2279baa878d,ýý33.37,ýý33.37,ýý0.00,0
Fantasy,16,fa9610a50a1bf149,ýý56.40,ýý56.40,ýý0.00,0
Food and Drink,16,72f9d5be3472d34e,ýý14.02,ýý14.02,ýý0.00,0
Sequential Art,16,460089f796fb3f82,ýý46.91,ýý46.91,ýý0.00,0
Sequential Art,16,b6ee99bcf06fc91f,ýý45.61,ýý45.61,ýý0.00,0
Sequential Art,16,57e5a4d515c8ce44,ýý19.92,ýý19.92,ýý0.00,0
Food and Drink,16,7b75cc7f223791f4,ýý40.11,ýý40.11,ýý0.00,0
Add a comment,16,228f74b74f3a08ae,ýý53.90,ýý53.90,ýý0.00,0
Science Fiction,16,18ad3ed896c7ce05,ýý35.67,ýý35.67,ýý0.00,0
Nonfiction,16,b136b1b180ca753a,ýý22.00,ýý22.00,ýý0.00,0
Science,16,e4f74c16de34d440,ýý57.36,ýý57.36,ýý0.00,0
Sequential Art,16,8d4eefad7a2b3915,ýý29.17,ýý29.17,ýý0.00,0
Sequential Art,16,1c89ae5bb804e4de,ýý54.63,ýý54.63,ýý0.00,0
Self Help,16,a6f99b9e687f9d46,ýý46.03,ýý46.03,ýý0.00,0
Romance,16,2a97cffe61c3c4c7,ýý33.97,ýý33.97,ýý0.00,0
Sequential Art,16,f2df3bb043a8abb0,ýý22.11,ýý22.11,ýý0.00,0
Historical Fiction,16,9beb96a2300109d7,ýý29.69,ýý29.69,ýý0.00,0
Romance,16,9e28048cea8d41f7,ýý15.97,ýý15.97,ýý0.00,0
Romance,16,7add3f8e49ec0826,ýý21.96,ýý21.96,ýý0.00,0
Nonfiction,16,311c0dd0e354a33e,ýý54.35,ýý54.35,ýý0.00,0
Religion,16,fce19f9b4a943f22,ýý37.97,ýý37.97,ýý0.00,0
Sequential Art,16,09b6cc87e62c2c58,ýý51.99,ýý51.99,ýý0.00,0
Fantasy,16,7267864328ae8b9d,ýý43.29,ýý43.29,ýý0.00,0
Sequential Art,16,8754c83ab2a7ae71,ýý36.72,ýý36.72,ýý0.00,0
Sequential Art,16,7b599c8bfcdd8d30,ýý17.08,ýý17.08,ýý0.00,0
Nonfiction,16,bee3672891cca906,ýý29.14,ýý29.14,ýý0.00,0
Young Adult,16,5ceb951f629700a2,ýý28.81,ýý28.81,ýý0.00,0
Default,16,74baabfc8fd84b38,ýý49.46,ýý49.46,ýý0.00,0
Sequential Art,16,bdf415fd484ea8a7,ýý37.92,ýý37.92,ýý0.00,0
Fantasy,16,6d5300b2d8f37e07,ýý28.09,ýý28.09,ýý0.00,0
Nonfiction,16,38d45839cb1c83c1,ýý30.81,ýý30.81,ýý0.00,0
Default,16,70ed59f194b3c556,ýý42.95,ýý42.95,ýý0.00,0
Default,16,8a380641491d43ed,ýý56.76,ýý56.76,ýý0.00,0
Mystery,16,f733e8c19d40ec2e,ýý16.64,ýý16.64,ýý0.00,0
Historical Fiction,16,3a6fb983e2554023,ýý55.53,ýý55.53,ýý0.00,0
Young Adult,16,842790dfaa937484,ýý28.13,ýý28.13,ýý0.00,0
Fantasy,16,01d2001ac1e6f8a3,ýý52.37,ýý52.37,ýý0.00,0
Christian,16,e4ac92d89b946781,ýý54.00,ýý54.00,ýý0.00,0
Religion,15,796c87ddbbaaf8c5,ýý21.87,ýý21.87,ýý0.00,0
Science Fiction,15,9270575728a13a61,ýý43.30,ýý43.30,ýý0.00,0
Fiction,15,b8736690cf263a3c,ýý21.04,ýý21.04,ýý0.00,0
Default,15,d7d6d50c1e3d0b81,ýý41.60,ýý41.60,ýý0.00,0
Fantasy,15,590a9cccf7db9f7d,ýý35.07,ýý35.07,ýý0.00,0
History,15,de3f25248ba0789f,ýý59.64,ýý59.64,ýý0.00,0
Default,15,bc2a85fd35fdc7bd,ýý52.72,ýý52.72,ýý0.00,0
Childrens,15,37c0cb19713d8dda,ýý58.08,ýý58.08,ýý0.00,0
Romance,15,623e1a180426039b,ýý24.12,ýý24.12,ýý0.00,0
Fiction,15,fd3a622648667296,ýý42.15,ýý42.15,ýý0.00,0
Business,15,3bebf34ee9330cbd,ýý12.61,ýý12.61,ýý0.00,0
Philosophy,15,f5a92cff83897d48,ýý17.44,ýý17.44,ýý0.00,0
Sequential Art,15,d6361d16212664ed,ýý33.14,ýý33.14,ýý0.00,0
Default,15,961f18db4f138211,ýý27.37,ýý27.37,ýý0.00,0
Fiction,15,0651062381f0636a,ýý51.36,ýý51.36,ýý0.00,0
Default,15,e98a4efa85070c2f,ýý36.00,ýý36.00,ýý0.00,0
Science Fiction,15,790ef197c8f236f5,ýý10.65,ýý10.65,ýý0.00,0
Nonfiction,15,8ec14b1576cb7cb5,ýý43.54,ýý43.54,ýý0.00,0
Nonfiction,15,209adad1015af86f,ýý38.21,ýý38.21,ýý0.00,0
Food and Drink,15,e4c7f3487d17fd42,ýý37.34,ýý37.34,ýý0.00,0
Mystery,15,c7b5183f4d1d4efe,ýý44.10,ýý44.10,ýý0.00,0
New Adult,15,99ff4cc6491e8f5c,ýý43.29,ýý43.29,ýý0.00,0
New Adult,15,08db62f24627e71f,ýý55.85,ýý55.85,ýý0.00,0
Food and Drink,15,e28e330cbdf01126,ýý37.60,ýý37.60,ýý0.00,0
Crime,15,abeafe151a587d3b,ýý10.97,ýý10.97,ýý0.00,0
Default,15,eac1a180047ad54e,ýý41.82,ýý41.82,ýý0.00,0
Historical Fiction,15,9287e238d7c3b06e,ýý36.95,ýý36.95,ýý0.00,0
Fantasy,15,2dbb7ec08cdd7f3c,ýý44.28,ýý44.28,ýý0.00,0
Default,15,e956d67c9bcc5809,ýý55.02,ýý55.02,ýý0.00,0
Nonfiction,15,42d0d7c92b75fc1c,ýý17.24,ýý17.24,ýý0.00,0
Default,15,d6670dfe3e7b42bd,ýý23.15,ýý23.15,ýý0.00,0
Food and Drink,15,96a38e7c813d8f1d,ýý41.25,ýý41.25,ýý0.00,0
Default,15,efc3768127714ec3,ýý32.00,ýý32.00,ýý0.00,0
Nonfiction,15,dd047728de72ad62,ýý38.49,ýý38.49,ýý0.00,0
Default,15,e7469e22b5bfb3e7,ýý33.34,ýý33.34,ýý0.00,0
Autobiography,15,c99761a700ade23f,ýý10.93,ýý10.93,ýý0.00,0
Business,15,56e4f9eab2e8e674,ýý27.55,ýý27.55,ýý0.00,0
Romance,15,203b7f94b7d6115f,ýý55.99,ýý55.99,ýý0.00,0
Romance,15,ca71e72655bece85,ýý16.24,ýý16.24,ýý0.00,0
Science Fiction,15,2a70769cdc6eb8b8,ýý26.12,ýý26.12,ýý0.00,0
Nonfiction,15,1b33663ad7b95fd8,ýý12.23,ýý12.23,ýý0.00,0
Business,15,0e0dcc3339602b28,ýý23.99,ýý23.99,ýý0.00,0
Add a comment,15,0c27e6c3744fc14b,ýý29.06,ýý29.06,ýý0.00,0
Default,15,ad04ad9fc179fc5d,ýý20.27,ýý20.27,ýý0.00,0
Young Adult,15,1c929cfd16b71907,ýý43.55,ýý43.55,ýý0.00,0
Default,15,e656e280bc8edd56,ýý36.94,ýý36.94,ýý0.00,0
Christian Fiction,15,b53db2271c9624f7,ýý20.47,ýý20.47,ýý0.00,0
Default,15,d9c643fa1fc57bdb,ýý41.06,ýý41.06,ýý0.00,0
Poetry,15,31001a1210623bd4,ýý14.19,ýý14.19,ýý0.00,0
Young Adult,15,50b8f80311b31ede,ýý38.28,ýý38.28,ýý0.00,0
Poetry,15,cfeb1e1e0e695b58,ýý41.05,ýý41.05,ýý0.00,0
Historical Fiction,15,a40723994f715420,ýý30.25,ýý30.25,ýý0.00,0
Add a comment,15,caf4fe9311f1dc59,ýý28.26,ýý28.26,ýý0.00,0
Default,15,af96613fdd793a3c,ýý10.76,ýý10.76,ýý0.00,0
Biography,15,d69dd8dac66f9f84,ýý16.85,ýý16.85,ýý0.00,0
Childrens,15,4aa03792b50f0b22,ýý13.47,ýý13.47,ýý0.00,0
Young Adult,15,ba54932df84e8cea,ýý48.56,ýý48.56,ýý0.00,0
Default,15,c1afd71fc86bf682,ýý19.15,ýý19.15,ýý0.00,0
Womens Fiction,15,fd8585283fc7d2d7,ýý57.36,ýý57.36,ýý0.00,0
Fantasy,15,4ce91d31c1e57c33,ýý42.98,ýý42.98,ýý0.00,0
Default,15,d163dd6c352fbcd2,ýý22.16,ýý22.16,ýý0.00,0
Travel,15,ce60436f52c5ee68,ýý49.43,ýý49.43,ýý0.00,0
Young Adult,15,116a2fdc9a45bab0,ýý29.99,ýý29.99,ýý0.00,0
Horror,15,8585760646e3aa2a,ýý21.36,ýý21.36,ýý0.00,0
Default,15,2f88b08bf0a0e367,ýý29.00,ýý29.00,ýý0.00,0
Fiction,15,edb3097e71330040,ýý53.53,ýý53.53,ýý0.00,0
Sequential Art,15,65d034adf80834b7,ýý41.62,ýý41.62,ýý0.00,0
Default,15,29c0025455f8c585,ýý54.59,ýý54.59,ýý0.00,0
Default,15,6ffb36aaeff1c81e,ýý34.95,ýý34.95,ýý0.00,0
Default,15,f6d967cdadc6fbd9,ýý37.72,ýý37.72,ýý0.00,0
Romance,15,3a11bb962ff45b78,ýý35.61,ýý35.61,ýý0.00,0
Food and Drink,15,46c1530d7546ea6d,ýý42.16,ýý42.16,ýý0.00,0
Erotica,15,88c21fcd38e2486e,ýý19.19,ýý19.19,ýý0.00,0
Nonfiction,15,3b9a3b4624b7fd6d,ýý19.43,ýý19.43,ýý0.00,0
Christian Fiction,15,a57b1dcbd6849222,ýý49.46,ýý49.46,ýý0.00,0
Spirituality,15,513271dadc1322ae,ýý37.80,ýý37.80,ýý0.00,0
Nonfiction,15,1f329c2e7d7de8bd,ýý30.80,ýý30.80,ýý0.00,0
Nonfiction,15,919e7cb2269a25d2,ýý27.43,ýý27.43,ýý0.00,0
Default,15,3f69e667a67e54d9,ýý11.11,ýý11.11,ýý0.00,0
Sequential Art,15,7edc0527cf782e19,ýý36.50,ýý36.50,ýý0.00,0
Sequential Art,15,47271d8e08b5d31c,ýý15.38,ýý15.38,ýý0.00,0
Default,15,05f7c6d9a4e582d3,ýý15.48,ýý15.48,ýý0.00,0
Default,15,d24b829be2ca81c4,ýý46.82,ýý46.82,ýý0.00,0
Default,15,7ebfa6c1bee69e1e,ýý18.46,ýý18.46,ýý0.00,0
Cultural,15,bb8245f52c7cce8f,ýý36.58,ýý36.58,ýý0.00,0
Default,15,ffd54178acc9a6a5,ýý50.54,ýý50.54,ýý0.00,0
Nonfiction,15,d195e7f4ed697350,ýý12.51,ýý12.51,ýý0.00,0
History,14,dd5bfa6cc2c0ecc3,ýý24.70,ýý24.70,ýý0.00,0
Thriller,14,024387ca4cafd5cc,ýý43.61,ýý43.61,ýý0.00,0
Sequential Art,14,047097293bb4d1c0,ýý37.34,ýý37.34,ýý0.00,0
Young Adult,14,3fb15ace50d6142b,ýý14.36,ýý14.36,ýý0.00,0
Politics,14,2b5054a4192e9b06,ýý52.65,ýý52.65,ýý0.00,0
Nonfiction,14,44a10f1ac8ce822e,ýý38.20,ýý38.20,ýý0.00,0
Nonfiction,14,6fd646a334e6e133,ýý19.60,ýý19.60,ýý0.00,0
Sequential Art,14,92275cedf6d8ee15,ýý53.90,ýý53.90,ýý0.00,0
Childrens,14,6a31307a81e8f3a8,ýý12.96,ýý12.96,ýý0.00,0
Default,14,4a1debca3135ff37,ýý37.10,ýý37.10,ýý0.00,0
Young Adult,14,aba2db9afb1469c7,ýý46.31,ýý46.31,ýý0.00,0
Default,14,76c84daa539426e2,ýý45.95,ýý45.95,ýý0.00,0
Childrens,14,1d6443ffba9dfd80,ýý22.08,ýý22.08,ýý0.00,0
Sequential Art,14,6e44bcbeac7f4360,ýý25.38,ýý25.38,ýý0.00,0
Young Adult,14,f0f38174a7e689a3,ýý27.12,ýý27.12,ýý0.00,0
Nonfiction,14,34c0d7c4ee5650af,ýý43.04,ýý43.04,ýý0.00,0
Default,14,08b2f71d93836313,ýý56.80,ýý56.80,ýý0.00,0
Add a comment,14,6875c5657661b2fb,ýý25.91,ýý25.91,ýý0.00,0
Romance,14,c5cb9f885d8b3621,ýý32.61,ýý32.61,ýý0.00,0
Fiction,14,e9906e2f0d189745,ýý27.88,ýý27.88,ýý0.00,0
Fiction,14,081305e6df719dff,ýý52.67,ýý52.67,ýý0.00,0
Fantasy,14,1528279aec1f3dce,ýý46.02,ýý46.02,ýý0.00,0
Default,14,00c4543ec6bd25b4,ýý44.48,ýý44.48,ýý0.00,0
Add a comment,14,e88fb1c9397cfb27,ýý37.40,ýý37.40,ýý0.00,0
Default,14,012094e90a4b908d,ýý54.04,ýý54.04,ýý0.00,0
Default,14,6bdd909329435e80,ýý16.88,ýý16.88,ýý0.00,0
Historical Fiction,14,52cf2a5933ec5d8f,ýý28.08,ýý28.08,ýý0.00,0
Psychology,14,4e812d32d64e2431,ýý10.40,ýý10.40,ýý0.00,0
Humor,14,f21effc079a2b38a,ýý44.07,ýý44.07,ýý0.00,0
Horror,14,2d88a31f325dfd3b,ýý23.40,ýý23.40,ýý0.00,0
Nonfiction,14,4881cc53f6c8892f,ýý17.43,ýý17.43,ýý0.00,0
Mystery,14,3bc89353f7e3a3cc,ýý54.21,ýý54.21,ýý0.00,0
Add a comment,14,f72f61ad6a5f12ed,ýý40.67,ýý40.67,ýý0.00,0
Fantasy,14,992974ba6a0536ea,ýý52.26,ýý52.26,ýý0.00,0
Food and Drink,14,ddc8340dabc8641b,ýý28.77,ýý28.77,ýý0.00,0
Thriller,14,847935fc68707426,ýý13.82,ýý13.82,ýý0.00,0
Fiction,14,a86972014275e072,ýý25.85,ýý25.85,ýý0.00,0
Add a comment,14,3d76bc83c6b644c9,ýý48.78,ýý48.78,ýý0.00,0
Young Adult,14,6edacfd1f8ebb9eb,ýý35.35,ýý35.35,ýý0.00,0
Fantasy,14,dc6f688b82e42a5b,ýý44.73,ýý44.73,ýý0.00,0
Nonfiction,14,923831a05c9f91f7,ýý15.77,ýý15.77,ýý0.00,0
Thriller,14,1b8187fa4bf6ab05,ýý39.24,ýý39.24,ýý0.00,0
Mystery,14,0c7b9cf2b7662b65,ýý13.92,ýý13.92,ýý0.00,0
Mystery,14,2d1e337aaf341858,ýý10.69,ýý10.69,ýý0.00,0
Fiction,14,2c04320e110a14a3,ýý45.21,ýý45.21,ýý0.00,0
Nonfiction,14,4c8b7540409da4ac,ýý45.58,ýý45.58,ýý0.00,0
Sequential Art,14,ac8e3949d284e9a9,ýý11.89,ýý11.89,ýý0.00,0
Fiction,14,fe44cc816576c652,ýý26.41,ýý26.41,ýý0.00,0
Default,14,95019eac1c0a052f,ýý39.50,ýý39.50,ýý0.00,0
Science,14,3edcccc4f341fb1a,ýý44.74,ýý44.74,ýý0.00,0
Contemporary,14,a278db6b2b09cf9f,ýý52.79,ýý52.79,ýý0.00,0
Sequential Art,14,394f6d30cafc3edb,ýý35.43,ýý35.43,ýý0.00,0
Fiction,14,830fb3967c74866d,ýý55.84,ýý55.84,ýý0.00,0
Travel,14,f9705c362f070608,ýý48.87,ýý48.87,ýý0.00,0
Poetry,14,86cbddb61ea78bb7,ýý46.78,ýý46.78,ýý0.00,0
Sequential Art,14,85b2176b3b194030,ýý47.82,ýý47.82,ýý0.00,0
Sequential Art,14,31e2e2d9cca3778f,ýý25.48,ýý25.48,ýý0.00,0
Childrens,14,a6454e329f872b78,ýý23.57,ýý23.57,ýý0.00,0
Poetry,14,aa35446aab16017f,ýý50.89,ýý50.89,ýý0.00,0
Horror,14,af58a74e4b2a23a0,ýý10.56,ýý10.56,ýý0.00,0
Self Help,14,8ecf0356a3878811,ýý52.15,ýý52.15,ýý0.00,0
Childrens,14,e34efcc824685332,ýý18.28,ýý18.28,ýý0.00,0
Humor,14,02b74068fa98d8a4,ýý11.83,ýý11.83,ýý0.00,0
Nonfiction,14,132ec5e8c984adef,ýý21.95,ýý21.95,ýý0.00,0
Sequential Art,14,71e36f33981ddb74,ýý38.39,ýý38.39,ýý0.00,0
Fiction,14,727bf2b86b19ad88,ýý41.56,ýý41.56,ýý0.00,0
Fiction,14,cc82685d9f49bc2c,ýý24.48,ýý24.48,ýý0.00,0
Young Adult,14,137b0b2775701e11,ýý40.36,ýý40.36,ýý0.00,0
Fiction,14,caa2e5b3fb1b2d4c,ýý28.90,ýý28.90,ýý0.00,0
Add a comment,14,47d47155e89c8be7,ýý37.61,ýý37.61,ýý0.00,0
Business,14,b96fc7a0ea7d4b45,ýý38.85,ýý38.85,ýý0.00,0
Childrens,14,5b43cae640f2338a,ýý53.95,ýý53.95,ýý0.00,0
Default,14,d512871626a5e588,ýý49.83,ýý49.83,ýý0.00,0
Sequential Art,14,a10c7515834240f3,ýý51.51,ýý51.51,ýý0.00,0
Music,14,adb5f51c2e2ab13f,ýý18.03,ýý18.03,ýý0.00,0
Nonfiction,14,24af96df0bafb925,ýý29.14,ýý29.14,ýý0.00,0
Default,14,17fb5a88180f9904,ýý46.91,ýý46.91,ýý0.00,0
Nonfiction,14,1174156c4a0eccaa,ýý26.79,ýý26.79,ýý0.00,0
Default,14,708345c9897fd7c5,ýý16.28,ýý16.28,ýý0.00,0
Food and Drink,14,245e6bf08b8d2955,ýý19.55,ýý19.55,ýý0.00,0
Fantasy,14,2b52334fab158861,ýý29.65,ýý29.65,ýý0.00,0
Humor,14,b8a8ff84233f0570,ýý25.98,ýý25.98,ýý0.00,0
Fiction,14,aeff7b87a8e83ebb,ýý10.60,ýý10.60,ýý0.00,0
Humor,14,fbb21a2f71f4d981,ýý14.75,ýý14.75,ýý0.00,0
Default,14,6b6cd77fbc91b7a6,ýý47.02,ýý47.02,ýý0.00,0
Romance,14,0b165bd4b9f42fd5,ýý28.82,ýý28.82,ýý0.00,0
Nonfiction,14,afa829857f82f99e,ýý58.79,ýý58.79,ýý0.00,0
Default,14,f201f263d8c23f97,ýý10.23,ýý10.23,ýý0.00,0
Religion,14,eec424a84c9e4c68,ýý30.03,ýý30.03,ýý0.00,0
Historical Fiction,14,de4b403cb629a29f,ýý45.84,ýý45.84,ýý0.00,0
Art,14,9194ae88379dbf1a,ýý49.05,ýý49.05,ýý0.00,0
Nonfiction,14,ac4dde0d1be05de0,ýý15.06,ýý15.06,ýý0.00,0
Default,14,a2bd4ca82d908442,ýý46.47,ýý46.47,ýý0.00,0
Fiction,14,9eaf58b03a2779cc,ýý27.09,ýý27.09,ýý0.00,0
Sequential Art,14,27c5968fe43cc06e,ýý57.62,ýý57.62,ýý0.00,0
Fiction,14,1d6dd0c87d90fe92,ýý14.39,ýý14.39,ýý0.00,0
Nonfiction,14,a01f6d368ef64dc5,ýý51.75,ýý51.75,ýý0.00,0
Health,14,047dfa57ba0bf638,ýý54.07,ýý54.07,ýý0.00,0
Young Adult,14,ad2887ce04583910,ýý55.35,ýý55.35,ýý0.00,0
Horror,14,bf5de316a5e9a4ab,ýý40.12,ýý40.12,ýý0.00,0
Fantasy,14,3c6fe637a0180b01,ýý37.51,ýý37.51,ýý0.00,0
Fiction,14,94a958ea126cdcd5,ýý11.21,ýý11.21,ýý0.00,0
Default,14,0e94a089328be4bc,ýý36.58,ýý36.58,ýý0.00,0
Christian,14,4b9d9cfe0f435788,ýý47.72,ýý47.72,ýý0.00,0
Fiction,14,28cf0d1c51b491e5,ýý25.01,ýý25.01,ýý0.00,0
Add a comment,14,33a3e0e3ffde0dcd,ýý22.13,ýý22.13,ýý0.00,0
Default,14,42b0c50fc44140ec,ýý44.14,ýý44.14,ýý0.00,0
Fantasy,14,966ebb738e0f9d9b,ýý56.02,ýý56.02,ýý0.00,0
Default,14,1e264c677d4ee4ae,ýý11.23,ýý11.23,ýý0.00,0
Default,14,5b987e54ee72525c,ýý43.28,ýý43.28,ýý0.00,0
Default,14,8a6ec2761f91dad2,ýý47.27,ýý47.27,ýý0.00,0
Add a comment,14,bfbb54bc8cdeed2b,ýý20.29,ýý20.29,ýý0.00,0
Young Adult,14,e2e7b683b4c15b7d,ýý50.83,ýý50.83,ýý0.00,0
Default,14,1b0fc9f777cad045,ýý31.85,ýý31.85,ýý0.00,0
Default,14,5f22418922fa728b,ýý46.23,ýý46.23,ýý0.00,0
Nonfiction,14,16ef91b9d827859c,ýý37.80,ýý37.80,ýý0.00,0
Nonfiction,14,a80f66b254fe9eb3,ýý49.32,ýý49.32,ýý0.00,0
Sequential Art,14,bf68dcb5fad3cc8c,ýý32.01,ýý32.01,ýý0.00,0
Food and Drink,14,999912e63a3262ae,ýý28.01,ýý28.01,ýý0.00,0
Food and Drink,14,0e0da9192a025efc,ýý50.62,ýý50.62,ýý0.00,0
Fiction,14,9b65f676984c9f0c,ýý17.03,ýý17.03,ýý0.00,0
Sequential Art,14,ffdc825785c0ede8,ýý48.80,ýý48.80,ýý0.00,0
Young Adult,14,41164b8ac02a2c42,ýý58.14,ýý58.14,ýý0.00,0
Add a comment,14,1fbb5f786e53a0ce,ýý34.20,ýý34.20,ýý0.00,0
Default,14,ad41c24ccac0c7ce,ýý51.48,ýý51.48,ýý0.00,0
Historical,14,39861fc1c0845d15,ýý29.87,ýý29.87,ýý0.00,0
Sequential Art,14,5319169a72714c62,ýý10.90,ýý10.90,ýý0.00,0
Nonfiction,14,cf1aa2fc02a7d1e0,ýý56.37,ýý56.37,ýý0.00,0
Mystery,14,4416c474713ec1f5,ýý48.35,ýý48.35,ýý0.00,0
Mystery,14,63ee5bc46066a8a8,ýý16.73,ýý16.73,ýý0.00,0
Add a comment,14,c1379d3744f1dd2c,ýý56.48,ýý56.48,ýý0.00,0
Add a comment,14,1ad06aed9349af46,ýý40.79,ýý40.79,ýý0.00,0
Fiction,14,8682c03de6a844ff,ýý39.72,ýý39.72,ýý0.00,0
History,14,d5e0526e1ab682a3,ýý14.58,ýý14.58,ýý0.00,0
Add a comment,14,01a177623cce9596,ýý55.51,ýý55.51,ýý0.00,0
History,14,6e8e5626ac4d279e,ýý21.80,ýý21.80,ýý0.00,0
Default,13,ac5e0d3938caf686,ýý13.33,ýý13.33,ýý0.00,0
Fantasy,13,2f0213137a80d485,ýý38.73,ýý38.73,ýý0.00,0
Add a comment,13,44d97b6707dae3f0,ýý37.86,ýý37.86,ýý0.00,0
Food and Drink,13,8bbd7df8a324f31d,ýý11.53,ýý11.53,ýý0.00,0
Nonfiction,13,4be9d1910f8a4e80,ýý27.06,ýý27.06,ýý0.00,0
Womens Fiction,12,077b635ff2afc578,ýý13.86,ýý13.86,ýý0.00,0
Science,12,148715df5a02ea5e,ýý37.55,ýý37.55,ýý0.00,0
Fantasy,12,4a7a25be293ad678,ýý32.30,ýý32.30,ýý0.00,0
Fiction,12,ce1ae197ada2aec4,ýý46.29,ýý46.29,ýý0.00,0
Add a comment,12,14e44163678e24dc,ýý26.20,ýý26.20,ýý0.00,0
Nonfiction,12,582a21a1dbbef3cf,ýý33.26,ýý33.26,ýý0.00,0
Add a comment,12,3063c7e95d0bf76f,ýý59.15,ýý59.15,ýý0.00,0
Psychology,12,235fa48eeed11d82,ýý39.43,ýý39.43,ýý0.00,0
Young Adult,12,f732d7d18a91d2ba,ýý14.44,ýý14.44,ýý0.00,0
Fiction,12,c6ca293d4810e0d5,ýý56.54,ýý56.54,ýý0.00,0
Nonfiction,12,54fc03f1e1d355db,ýý59.90,ýý59.90,ýý0.00,0
Add a comment,12,64fd010bf8d15096,ýý11.88,ýý11.88,ýý0.00,0
Young Adult,12,b63ea3f7a57ae099,ýý48.05,ýý48.05,ýý0.00,0
Nonfiction,12,f40fea200e0c644f,ýý21.21,ýý21.21,ýý0.00,0
Default,12,ebf81a62e4798fd1,ýý49.67,ýý49.67,ýý0.00,0
Business,12,8976d9161c027142,ýý43.14,ýý43.14,ýý0.00,0
Horror,12,b8d7b3f5c7a95d65,ýý36.97,ýý36.97,ýý0.00,0
Mystery,12,abdd91e96515a617,ýý26.80,ýý26.80,ýý0.00,0
Add a comment,12,81ef44fcc5f454df,ýý15.71,ýý15.71,ýý0.00,0
Young Adult,12,db84624b151cbe06,ýý54.65,ýý54.65,ýý0.00,0
Mystery,12,e7fe3bf2768602cf,ýý54.36,ýý54.36,ýý0.00,0
Mystery,12,c039f5aceb093537,ýý35.28,ýý35.28,ýý0.00,0
Historical Fiction,12,9546d537fbf99eb6,ýý20.55,ýý20.55,ýý0.00,0
Default,12,b978c9852cde91bd,ýý58.32,ýý58.32,ýý0.00,0
Mystery,12,bddc6fd036eb6279,ýý11.84,ýý11.84,ýý0.00,0
Nonfiction,12,c6a29d6df8de968c,ýý41.46,ýý41.46,ýý0.00,0
Food and Drink,12,76319fe9d8b465a3,ýý20.10,ýý20.10,ýý0.00,0
Politics,12,3968e3fbf4695d7c,ýý56.86,ýý56.86,ýý0.00,0
Default,12,6983328f15506cb9,ýý56.51,ýý56.51,ýý0.00,0
Romance,12,df7e628bad5782b4,ýý40.83,ýý40.83,ýý0.00,0
Horror,12,d069086944f2e330,ýý48.64,ýý48.64,ýý0.00,0
Mystery,12,49b24c6a41b82bd2,ýý59.48,ýý59.48,ýý0.00,0
Historical Fiction,12,63343e287971bb0c,ýý39.01,ýý39.01,ýý0.00,0
Food and Drink,12,a4eef523118805ef,ýý38.77,ýý38.77,ýý0.00,0
Default,11,515cb8fcafb1ad98,ýý48.39,ýý48.39,ýý0.00,0
Mystery,11,6159d8b187831770,ýý27.26,ýý27.26,ýý0.00,0
Nonfiction,11,985991708c47003e,ýý11.68,ýý11.68,ýý0.00,0
Fiction,11,437d8dea9272d0a9,ýý59.45,ýý59.45,ýý0.00,0
Business,11,1c584f82a7a1c4f0,ýý21.00,ýý21.00,ýý0.00,0
Romance,11,cf62fa272b5f0fa3,ýý53.98,ýý53.98,ýý0.00,0
Science Fiction,11,f435aa99d864077d,ýý48.74,ýý48.74,ýý0.00,0
Biography,11,b06599b108e83f98,ýý21.15,ýý21.15,ýý0.00,0
Mystery,11,05a61a3bd8ca4149,ýý13.71,ýý13.71,ýý0.00,0
Romance,11,b783ce08802cd1d1,ýý47.67,ýý47.67,ýý0.00,0
Fiction,11,47e1b2d43f709995,ýý13.34,ýý13.34,ýý0.00,0
Nonfiction,11,28b2df9fadc9f07e,ýý16.89,ýý16.89,ýý0.00,0
Autobiography,11,5569c3fea112718e,ýý27.18,ýý27.18,ýý0.00,0
Historical Fiction,11,bade9943ee01b63f,ýý17.28,ýý17.28,ýý0.00,0
Fiction,11,469508882dfc1991,ýý45.14,ýý45.14,ýý0.00,0
Autobiography,11,825d6c44da3ca5a6,ýý40.85,ýý40.85,ýý0.00,0
Womens Fiction,11,20dc4f1ac5d4fd9c,ýý20.46,ýý20.46,ýý0.00,0
Psychology,11,ce8666d9b42fc9a0,ýý56.27,ýý56.27,ýý0.00,0
Womens Fiction,11,b5953ca1f8a0b8d7,ýý48.49,ýý48.49,ýý0.00,0
Young Adult,11,c65c25d990fc7025,ýý51.34,ýý51.34,ýý0.00,0
Fiction,11,f608c903c451f387,ýý16.34,ýý16.34,ýý0.00,0
Food and Drink,11,2587c54f5530dafc,ýý20.50,ýý20.50,ýý0.00,0
Business,11,816180220e8cb419,ýý21.59,ýý21.59,ýý0.00,0
Science Fiction,11,2c34f9432069b52b,ýý21.36,ýý21.36,ýý0.00,0
Default,11,bb967277222e689c,ýý20.88,ýý20.88,ýý0.00,0
Nonfiction,11,2b69dec0193511d9,ýý19.53,ýý19.53,ýý0.00,0
Romance,11,40c4bf520c17de54,ýý14.75,ýý14.75,ýý0.00,0
Fiction,11,a9d7b75461084a26,ýý48.48,ýý48.48,ýý0.00,0
Nonfiction,10,34669b2e9d407d3a,ýý24.57,ýý24.57,ýý0.00,0
Health,10,96aa539bfd4c07e2,ýý49.71,ýý49.71,ýý0.00,0
Add a comment,9,ab60e6f5a63e1cfb,ýý48.27,ýý48.27,ýý0.00,0
Add a comment,9,d1848064c54e01c7,ýý58.05,ýý58.05,ýý0.00,0
Default,9,4fd0a2a350f016e6,ýý58.87,ýý58.87,ýý0.00,0
Default,9,0967effecd292a86,ýý11.82,ýý11.82,ýý0.00,0
Fiction,9,903a9f8090104c2c,ýý28.03,ýý28.03,ýý0.00,0
Default,9,4b50fb1359ebf35d,ýý44.05,ýý44.05,ýý0.00,0
Food and Drink,9,65cfc9f242c2984a,ýý12.34,ýý12.34,ýý0.00,0
Default,9,33396269bcce166f,ýý16.68,ýý16.68,ýý0.00,0
Science,9,ca74f2e3c35a3e77,ýý55.91,ýý55.91,ýý0.00,0
Religion,9,3f25a2fedae191cc,ýý24.57,ýý24.57,ýý0.00,0
Health,9,f9c87ccb2bc4853b,ýý52.98,ýý52.98,ýý0.00,0
Young Adult,9,e77594ece9b9d1fe,ýý54.40,ýý54.40,ýý0.00,0
Novels,9,0e095ed785af7e43,ýý54.81,ýý54.81,ýý0.00,0
Childrens,9,913e7109cec0cb4c,ýý25.08,ýý25.08,ýý0.00,0
Default,9,ee6c67859d70186b,ýý10.41,ýý10.41,ýý0.00,0
Default,9,6baac632f7711e26,ýý47.44,ýý47.44,ýý0.00,0
Spirituality,9,8fab4c4f6f82a4ce,ýý20.91,ýý20.91,ýý0.00,0
Sequential Art,9,97187f5cf0385da3,ýý33.95,ýý33.95,ýý0.00,0
Humor,9,7e9068872228c474,ýý43.68,ýý43.68,ýý0.00,0
Young Adult,9,e845d305f64154f1,ýý33.23,ýý33.23,ýý0.00,0
Nonfiction,9,7186241e043de5dc,ýý35.92,ýý35.92,ýý0.00,0
Art,9,d6d9ffea95f2f8bf,ýý48.63,ýý48.63,ýý0.00,0
Fantasy,9,63d5f1651880dcea,ýý56.63,ýý56.63,ýý0.00,0
Add a comment,9,c181ca8eabe7d18c,ýý50.49,ýý50.49,ýý0.00,0
Add a comment,9,61cf7eb9d2cd8bb0,ýý35.79,ýý35.79,ýý0.00,0
Nonfiction,8,e77033ce559947f7,ýý34.06,ýý34.06,ýý0.00,0
Nonfiction,8,04f6c929888f4f11,ýý17.76,ýý17.76,ýý0.00,0
Nonfiction,8,b69c852e7e3956af,ýý39.36,ýý39.36,ýý0.00,0
Travel,8,1809259a5a5f1d8d,ýý36.94,ýý36.94,ýý0.00,0
Default,8,e0bdd79c7304ee8d,ýý43.62,ýý43.62,ýý0.00,0
Art,8,3eec766dda26fa64,ýý43.02,ýý43.02,ýý0.00,0
Nonfiction,8,5a0d2e9284004266,ýý28.45,ýý28.45,ýý0.00,0
Default,8,9afd00e81d6208e6,ýý41.39,ýý41.39,ýý0.00,0
Fiction,8,4f283dfcbeccc0d4,ýý51.15,ýý51.15,ýý0.00,0
Short Stories,8,1bba4b1ba23ed2d6,ýý35.88,ýý35.88,ýý0.00,0
Business,8,a2308a936e898d48,ýý36.91,ýý36.91,ýý0.00,0
Young Adult,8,331c26103d885cae,ýý28.93,ýý28.93,ýý0.00,0
Nonfiction,8,a2475a245c9907c4,ýý38.89,ýý38.89,ýý0.00,0
Suspense,8,e46a164cf310fd7d,ýý58.33,ýý58.33,ýý0.00,0
Christian Fiction,8,bee6e93e9976f4fa,ýý39.67,ýý39.67,ýý0.00,0
Sequential Art,8,aeb51dfbe8aeec59,ýý14.10,ýý14.10,ýý0.00,0
Nonfiction,8,52fc458ffc756faf,ýý21.82,ýý21.82,ýý0.00,0
Philosophy,8,d56d0710668bb39c,ýý54.21,ýý54.21,ýý0.00,0
Music,8,4a823d80aa30dbb0,ýý31.19,ýý31.19,ýý0.00,0
Poetry,8,c0fc0cd215ee1724,ýý53.64,ýý53.64,ýý0.00,0
Young Adult,8,9a7291b89bd5445c,ýý36.39,ýý36.39,ýý0.00,0
Fiction,8,bff270fe9c86a5a9,ýý58.54,ýý58.54,ýý0.00,0
Nonfiction,8,4729afff3bea0f0a,ýý29.48,ýý29.48,ýý0.00,0
Nonfiction,8,4d3a4c7b442a9a4e,ýý25.06,ýý25.06,ýý0.00,0
Nonfiction,8,044534b0b28b4e87,ýý12.55,ýý12.55,ýý0.00,0
Poetry,8,c44c5e1425475206,ýý29.04,ýý29.04,ýý0.00,0
Default,8,29af1a2566c4e36e,ýý40.72,ýý40.72,ýý0.00,0
Music,8,39eefec3a8498dde,ýý45.05,ýý45.05,ýý0.00,0
Philosophy,8,0cf57cb49272fd37,ýý47.13,ýý47.13,ýý0.00,0
Default,8,bd26e8a79a856c31,ýý20.22,ýý20.22,ýý0.00,0
Default,8,0ab4b35dcffcffd1,ýý56.48,ýý56.48,ýý0.00,0
Nonfiction,8,bbf1ea50be8008ab,ýý44.21,ýý44.21,ýý0.00,0
Fiction,8,0bfdef63285d3019,ýý21.96,ýý21.96,ýý0.00,0
Poetry,8,b7870fa6dc088fbb,ýý40.45,ýý40.45,ýý0.00,0
Art,8,8a150fd8ff5d7686,ýý10.29,ýý10.29,ýý0.00,0
Default,8,d48c1369927ebef1,ýý52.86,ýý52.86,ýý0.00,0
Young Adult,8,df6a7c43faa6732b,ýý55.65,ýý55.65,ýý0.00,0
Default,8,e049d44c4f1cf1b2,ýý43.64,ýý43.64,ýý0.00,0
Science,8,0c11e2d068768dbb,ýý28.41,ýý28.41,ýý0.00,0
Default,8,4dbd54d9e36c9566,ýý37.51,ýý37.51,ýý0.00,0
History,8,7f5157bf53065d36,ýý11.45,ýý11.45,ýý0.00,0
Nonfiction,8,77e9ea355bd8ae57,ýý19.22,ýý19.22,ýý0.00,0
Nonfiction,8,04e3de7ac35ec5cd,ýý56.91,ýý56.91,ýý0.00,0
Nonfiction,8,15ebd83e53d0391b,ýý55.06,ýý55.06,ýý0.00,0
Nonfiction,8,fef91502cbacf23a,ýý13.20,ýý13.20,ýý0.00,0
Food and Drink,8,b1a227b7609ff263,ýý53.63,ýý53.63,ýý0.00,0
History,8,f16c2edb2a603f92,ýý44.48,ýý44.48,ýý0.00,0
Self Help,7,88ec621893e595d0,ýý12.08,ýý12.08,ýý0.00,0
Default,7,b46d022080543144,ýý22.14,ýý22.14,ýý0.00,0
Mystery,7,9735c969c652dd89,ýý25.37,ýý25.37,ýý0.00,0
Spirituality,7,48cb52d78c992487,ýý46.33,ýý46.33,ýý0.00,0
Travel,7,a94350ee74deaa07,ýý37.33,ýý37.33,ýý0.00,0
Humor,7,4242cc3d0437db12,ýý25.55,ýý25.55,ýý0.00,0
Default,7,4a0b78598b42897a,ýý34.72,ýý34.72,ýý0.00,0
Childrens,7,0ff9d10864db8364,ýý35.96,ýý35.96,ýý0.00,0
Art,7,9147c5251cc99eb1,ýý41.14,ýý41.14,ýý0.00,0
Science,7,0345872b14f9e774,ýý10.01,ýý10.01,ýý0.00,0
Default,7,a8dbf1c6b41b885a,ýý36.05,ýý36.05,ýý0.00,0
Default,7,f935412970c9f58f,ýý49.03,ýý49.03,ýý0.00,0
Add a comment,7,47f4fd3e8e1dac05,ýý16.24,ýý16.24,ýý0.00,0
Biography,7,57f85720e54d6442,ýý39.55,ýý39.55,ýý0.00,0
Add a comment,7,7a10353c9c54cf7c,ýý35.67,ýý35.67,ýý0.00,0
Historical Fiction,7,24933c712f0bca2f,ýý16.62,ýý16.62,ýý0.00,0
Fiction,7,d250657f0ebc5d73,ýý42.78,ýý42.78,ýý0.00,0
Mystery,7,20789fb17b423c4c,ýý52.30,ýý52.30,ýý0.00,0
Art,7,4b8fa561a1e52d1c,ýý32.34,ýý32.34,ýý0.00,0
Default,7,5fbd03b1ac0a0e69,ýý33.17,ýý33.17,ýý0.00,0
Add a comment,7,ba047a636b7d3793,ýý20.12,ýý20.12,ýý0.00,0
Default,7,8776181be110838a,ýý20.90,ýý20.90,ýý0.00,0
Romance,7,bd087cf6a846db75,ýý20.90,ýý20.90,ýý0.00,0
Fiction,7,7ffebdd1d5148aef,ýý40.20,ýý40.20,ýý0.00,0
Childrens,7,9639e89d20228e6e,ýý52.87,ýý52.87,ýý0.00,0
Business,7,8486f61aa81a3daa,ýý51.74,ýý51.74,ýý0.00,0
Childrens,7,31c56c4d0fe19340,ýý34.41,ýý34.41,ýý0.00,0
Childrens,7,68008abf6409dfde,ýý32.38,ýý32.38,ýý0.00,0
Young Adult,7,746029796363aa51,ýý50.35,ýý50.35,ýý0.00,0
Food and Drink,7,924438fc6cbec836,ýý11.38,ýý11.38,ýý0.00,0
Womens Fiction,7,725cd8d23d78cdca,ýý43.58,ýý43.58,ýý0.00,0
Fiction,7,dac4b5847454fd9b,ýý49.67,ýý49.67,ýý0.00,0
Christian Fiction,7,b6670507e85b30e6,ýý28.77,ýý28.77,ýý0.00,0
Default,7,40cdcbb7692fd408,ýý13.22,ýý13.22,ýý0.00,0
Poetry,7,b74ee891e2a6dd69,ýý51.17,ýý51.17,ýý0.00,0
Fantasy,7,4c82371b8cd02d4d,ýý39.61,ýý39.61,ýý0.00,0
Add a comment,7,68407606544d6f22,ýý57.43,ýý57.43,ýý0.00,0
Food and Drink,7,2a9fcb3382d351c8,ýý46.01,ýý46.01,ýý0.00,0
Food and Drink,7,eff5710404e2ff78,ýý28.25,ýý28.25,ýý0.00,0
Add a comment,7,c00bc29a678a6efb,ýý37.05,ýý37.05,ýý0.00,0
Sequential Art,7,de6d7645f192d517,ýý19.57,ýý19.57,ýý0.00,0
Nonfiction,7,2e40333991f56f45,ýý45.13,ýý45.13,ýý0.00,0
Nonfiction,7,4e78f06160b717ac,ýý46.64,ýý46.64,ýý0.00,0
Fantasy,7,4fa75fc6829431ca,ýý12.16,ýý12.16,ýý0.00,0
Mystery,7,4e980425468708da,ýý20.89,ýý20.89,ýý0.00,0
Christian Fiction,7,4807043b8218e9ce,ýý17.97,ýý17.97,ýý0.00,0
Music,7,4781b6bfd6f7a2c5,ýý52.60,ýý52.60,ýý0.00,0
Christian,7,a322361a37a78d3d,ýý25.77,ýý25.77,ýý0.00,0
Biography,7,5b546a46a86a9d8c,ýý48.19,ýý48.19,ýý0.00,0
Philosophy,7,6b52904b2ab91bf6,ýý29.93,ýý29.93,ýý0.00,0
Travel,7,cc1936a9f4e93477,ýý44.34,ýý44.34,ýý0.00,0
History,7,6c7fa6844380f50a,ýý52.40,ýý52.40,ýý0.00,0
Fantasy,7,d1378a0ad06ff979,ýý44.81,ýý44.81,ýý0.00,0
Default,6,5ba3d703d1ae0c1d,ýý57.84,ýý57.84,ýý0.00,0
History,6,774fa432bd7d9c47,ýý39.67,ýý39.67,ýý0.00,0
Default,6,fd364afd082f5446,ýý55.02,ýý55.02,ýý0.00,0
Mystery,6,2da5edf8b5776c9a,ýý24.80,ýý24.80,ýý0.00,0
Nonfiction,6,60376aa71be66083,ýý59.45,ýý59.45,ýý0.00,0
Default,6,2efa5a839e62b1bd,ýý31.58,ýý31.58,ýý0.00,0
Add a comment,6,d326e189b1210916,ýý43.27,ýý43.27,ýý0.00,0
Historical Fiction,6,e6635f5b0a2c78db,ýý37.34,ýý37.34,ýý0.00,0
Default,6,72b5355dda190b6a,ýý17.80,ýý17.80,ýý0.00,0
Travel,6,48736df57e7bec9f,ýý30.54,ýý30.54,ýý0.00,0
Add a comment,6,d33824cb93ecab6f,ýý18.77,ýý18.77,ýý0.00,0
Add a comment,6,2bc80eba94950873,ýý46.85,ýý46.85,ýý0.00,0
Historical,6,eb7459e0c570251d,ýý15.79,ýý15.79,ýý0.00,0
Default,6,cb17945cb90b7837,ýý10.27,ýý10.27,ýý0.00,0
Poetry,6,3d250ab0f12be445,ýý15.42,ýý15.42,ýý0.00,0
Food and Drink,6,6478ccb4416e6a5d,ýý59.92,ýý59.92,ýý0.00,0
Young Adult,6,2a1b3d967cda1da2,ýý50.96,ýý50.96,ýý0.00,0
Default,6,8d8e9f9b8730eb25,ýý30.60,ýý30.60,ýý0.00,0
Add a comment,6,720c36b2bee4692e,ýý19.27,ýý19.27,ýý0.00,0
Default,6,6d235933670503d9,ýý46.58,ýý46.58,ýý0.00,0
Add a comment,6,f38f37ed934d84b2,ýý48.51,ýý48.51,ýý0.00,0
Fiction,6,7a2b51f69e81c722,ýý19.02,ýý19.02,ýý0.00,0
Mystery,6,6958de044cb28a84,ýý38.38,ýý38.38,ýý0.00,0
Nonfiction,6,fe0f34ebed689381,ýý49.98,ýý49.98,ýý0.00,0
Self Help,6,e792c0969cefe1b8,ýý46.49,ýý46.49,ýý0.00,0
Thriller,6,012170e4fc87ace0,ýý18.32,ýý18.32,ýý0.00,0
Nonfiction,6,384c7d41d5ffe9d1,ýý42.14,ýý42.14,ýý0.00,0
Add a comment,6,56a34d0cec11d6b0,ýý56.59,ýý56.59,ýý0.00,0
Sequential Art,6,97258f576d4bb672,ýý20.96,ýý20.96,ýý0.00,0
Fiction,6,4e3b183180e2a992,ýý40.32,ýý40.32,ýý0.00,0
Sequential Art,6,6e06d0f00f6da20f,ýý36.39,ýý36.39,ýý0.00,0
History,6,f3c70d296ec796c4,ýý58.55,ýý58.55,ýý0.00,0
Food and Drink,6,faf841f81c52638b,ýý39.61,ýý39.61,ýý0.00,0
Psychology,6,46cb43c2ab133ccc,ýý21.30,ýý21.30,ýý0.00,0
Travel,6,9e60929f521fa280,ýý56.88,ýý56.88,ýý0.00,0
Historical Fiction,5,2e5b4ff08a75fd02,ýý32.97,ýý32.97,ýý0.00,0
Young Adult,5,e75f3ae1da1cc652,ýý47.31,ýý47.31,ýý0.00,0
Nonfiction,5,759ee7d059b1beb8,ýý48.67,ýý48.67,ýý0.00,0
Young Adult,5,60369d96b7b80869,ýý41.73,ýý41.73,ýý0.00,0
Default,5,163d89116179c33f,ýý53.68,ýý53.68,ýý0.00,0
Young Adult,5,3a7d54a264d9f33e,ýý14.64,ýý14.64,ýý0.00,0
Music,5,bc209a900101f28d,ýý38.40,ýý38.40,ýý0.00,0
Classics,5,abbb492978ff656d,ýý15.08,ýý15.08,ýý0.00,0
Add a comment,5,2e4fc5eacceec12c,ýý30.57,ýý30.57,ýý0.00,0
Fantasy,5,e0b3a679b83caccc,ýý57.74,ýý57.74,ýý0.00,0
Food and Drink,5,f701fae56b645ef7,ýý11.05,ýý11.05,ýý0.00,0
Classics,5,93379e3a2072a01b,ýý28.58,ýý28.58,ýý0.00,0
History,5,0d210d2448c3018f,ýý42.91,ýý42.91,ýý0.00,0
Fiction,5,dfd9ff1f343cdaff,ýý24.73,ýý24.73,ýý0.00,0
History,5,c4589ee5977a47be,ýý55.91,ýý55.91,ýý0.00,0
Science,5,3213b1f13f5f0f7c,ýý13.76,ýý13.76,ýý0.00,0
Fiction,5,ad84f18659e6bfe2,ýý45.56,ýý45.56,ýý0.00,0
Default,5,3661360c99719414,ýý47.22,ýý47.22,ýý0.00,0
Fantasy,5,a2a9f76339d21ab1,ýý56.00,ýý56.00,ýý0.00,0
Fiction,5,fe7210553d56c097,ýý44.58,ýý44.58,ýý0.00,0
Default,5,fec06f52054ea900,ýý34.50,ýý34.50,ýý0.00,0
Young Adult,5,c4182bdb53e2459a,ýý11.33,ýý11.33,ýý0.00,0
Poetry,5,b228042c088b1913,ýý38.77,ýý38.77,ýý0.00,0
Default,5,b716233fcb6877e6,ýý11.83,ýý11.83,ýý0.00,0
Fantasy,5,84126312e2431a09,ýý45.51,ýý45.51,ýý0.00,0
Young Adult,5,50d5a7b861ed1c54,ýý41.81,ýý41.81,ýý0.00,0
Nonfiction,5,1dba84766a5e87b8,ýý25.15,ýý25.15,ýý0.00,0
Fiction,5,84bb29c53592ac40,ýý34.22,ýý34.22,ýý0.00,0
Default,5,59a8ae019b64f2a7,ýý16.23,ýý16.23,ýý0.00,0
Default,5,2973d38c2fbd7a5c,ýý11.48,ýý11.48,ýý0.00,0
Horror,5,e958ae92f328c181,ýý23.37,ýý23.37,ýý0.00,0
Science,5,6036239d2ab349b7,ýý16.28,ýý16.28,ýý0.00,0
Nonfiction,5,a4ce39a3720cd679,ýý31.63,ýý31.63,ýý0.00,0
Food and Drink,5,12a90b90283b2e6d,ýý24.91,ýý24.91,ýý0.00,0
Childrens,5,81c68492ccd72941,ýý22.54,ýý22.54,ýý0.00,0
Young Adult,5,5e1a88d248599768,ýý23.63,ýý23.63,ýý0.00,0
Academic,5,7093cf549cd2e7de,ýý13.12,ýý13.12,ýý0.00,0
Fiction,5,07e6810fd3236bda,ýý59.98,ýý59.98,ýý0.00,0
Thriller,5,8dde2ff3f6fcc0a3,ýý31.49,ýý31.49,ýý0.00,0
Young Adult,5,44f545727e704187,ýý15.52,ýý15.52,ýý0.00,0
Young Adult,5,45045146dbf7b009,ýý48.13,ýý48.13,ýý0.00,0
Default,5,7284d85428305f5a,ýý38.13,ýý38.13,ýý0.00,0
Default,5,d219d4e325e6f204,ýý36.55,ýý36.55,ýý0.00,0
Default,5,6c49258724f11770,ýý23.32,ýý23.32,ýý0.00,0
Sequential Art,5,3fd83dcf37bf1bc0,ýý16.33,ýý16.33,ýý0.00,0
Science Fiction,5,3fc124f59f3068e4,ýý32.42,ýý32.42,ýý0.00,0
Default,5,630e766f0a1987dd,ýý16.96,ýý16.96,ýý0.00,0
Add a comment,5,b28c7d07afa7063b,ýý22.37,ýý22.37,ýý0.00,0
Add a comment,5,75cc85cdbe9ad46b,ýý42.27,ýý42.27,ýý0.00,0
Default,5,d5ad4c92d8bf26c9,ýý38.70,ýý38.70,ýý0.00,0
Horror,5,e46b1074b99ac4b6,ýý35.63,ýý35.63,ýý0.00,0
Fiction,5,94bb629a3f6dd00b,ýý58.00,ýý58.00,ýý0.00,0
Sequential Art,5,1c0a38899c82b60a,ýý52.41,ýý52.41,ýý0.00,0
Nonfiction,5,bcf567421c581f0a,ýý32.35,ýý32.35,ýý0.00,0
Philosophy,5,429b4a811bef386c,ýý20.75,ýý20.75,ýý0.00,0
Poetry,5,b54d7416bb445989,ýý17.49,ýý17.49,ýý0.00,0
Default,5,ad5e078beceaeb4a,ýý34.13,ýý34.13,ýý0.00,0
Autobiography,5,612369a5947a012e,ýý58.81,ýý58.81,ýý0.00,0
Young Adult,5,f36d24c309e87e5b,ýý10.00,ýý10.00,ýý0.00,0
History,5,add33db6ff80db24,ýý51.22,ýý51.22,ýý0.00,0
Default,5,d9290e99f189ce84,ýý58.59,ýý58.59,ýý0.00,0
Romance,5,cf3b86489890b9f2,ýý31.30,ýý31.30,ýý0.00,0
Add a comment,5,03cbb67c0f990d87,ýý46.42,ýý46.42,ýý0.00,0
Fantasy,5,f2c8f4b4c94d5c5c,ýý17.21,ýý17.21,ýý0.00,0
Add a comment,5,89a89e76f3516357,ýý10.79,ýý10.79,ýý0.00,0
Default,4,a8f4577a48023344,ýý52.35,ýý52.35,ýý0.00,0
Default,4,d4de23aa98acc65b,ýý27.88,ýý27.88,ýý0.00,0
Classics,4,6053ddf69c967d5f,ýý50.26,ýý50.26,ýý0.00,0
Romance,4,9cc207168a03470d,ýý59.99,ýý59.99,ýý0.00,0
Historical Fiction,4,011674f4a3834b8d,ýý28.32,ýý28.32,ýý0.00,0
Nonfiction,4,6a57286a8890d8c5,ýý38.71,ýý38.71,ýý0.00,0
Default,4,6d2f70d9424f41a1,ýý29.85,ýý29.85,ýý0.00,0
Classics,4,6587f46697fc4443,ýý14.82,ýý14.82,ýý0.00,0
Nonfiction,4,45033bdf3d9ed158,ýý16.81,ýý16.81,ýý0.00,0
Nonfiction,4,c65ee14957c0fa5c,ýý28.23,ýý28.23,ýý0.00,0
Fantasy,4,ff2dffba388d9922,ýý52.11,ýý52.11,ýý0.00,0
Sequential Art,4,df53c2948b32bde3,ýý27.88,ýý27.88,ýý0.00,0
Thriller,4,9c4d061c1e2fe6bf,ýý59.71,ýý59.71,ýý0.00,0
Fantasy,4,8930013d06942df1,ýý46.08,ýý46.08,ýý0.00,0
Womens Fiction,4,31f5bbf4974d29c9,ýý13.73,ýý13.73,ýý0.00,0
Womens Fiction,4,38199c5d7da0c0ef,ýý48.39,ýý48.39,ýý0.00,0
Fantasy,4,ae884ac655d6ee3e,ýý49.45,ýý49.45,ýý0.00,0
Default,4,5de4baa88061a77a,ýý19.67,ýý19.67,ýý0.00,0
Music,4,2ba5ccc84d35006c,ýý12.36,ýý12.36,ýý0.00,0
Music,4,3a95f5a2df4ff921,ýý20.02,ýý20.02,ýý0.00,0
Horror,4,869d20b3b8128230,ýý12.75,ýý12.75,ýý0.00,0
Horror,4,70b585c9d0f15725,ýý47.51,ýý47.51,ýý0.00,0
Default,4,5212c6acea3359e5,ýý20.44,ýý20.44,ýý0.00,0
Horror,4,81d4191030b9704b,ýý34.79,ýý34.79,ýý0.00,0
Classics,4,deda806b68b0aa11,ýý28.07,ýý28.07,ýý0.00,0
Horror,4,670a2773607d785d,ýý25.01,ýý25.01,ýý0.00,0
Default,4,ac337893a9fe0085,ýý13.90,ýý13.90,ýý0.00,0
Young Adult,4,eff24325e0ede639,ýý24.17,ýý24.17,ýý0.00,0
Fantasy,4,5a6b7155f2797537,ýý31.63,ýý31.63,ýý0.00,0
Fantasy,4,73f4f87dd936ee5c,ýý48.75,ýý48.75,ýý0.00,0
Fantasy,4,c7c4f55b7321cba7,ýý14.74,ýý14.74,ýý0.00,0
Classics,4,23310ce84d3c9f85,ýý32.49,ýý32.49,ýý0.00,0
Nonfiction,4,ddbc5530d2939d49,ýý27.80,ýý27.80,ýý0.00,0
Historical Fiction,4,5eff05e59f905a49,ýý26.77,ýý26.77,ýý0.00,0
Sequential Art,4,8fff1084aa085a13,ýý50.44,ýý50.44,ýý0.00,0
Thriller,4,ad15a9a139919918,ýý34.93,ýý34.93,ýý0.00,0
Romance,4,2b69d289279aabfd,ýý12.87,ýý12.87,ýý0.00,0
Default,4,a2dc754afb69bb32,ýý48.94,ýý48.94,ýý0.00,0
Romance,4,aaebac5fda798b1b,ýý13.38,ýý13.38,ýý0.00,0
Classics,4,2798974abc8a58a8,ýý58.63,ýý58.63,ýý0.00,0
Womens Fiction,4,0812f54c93d726ce,ýý21.94,ýý21.94,ýý0.00,0
Fiction,4,78a4ac98191ac675,ýý26.58,ýý26.58,ýý0.00,0
Classics,4,1451b55e5e56bb89,ýý57.22,ýý57.22,ýý0.00,0
Romance,4,aead11697d14ea36,ýý56.43,ýý56.43,ýý0.00,0
Spirituality,4,f6ae39568db1130e,ýý55.65,ýý55.65,ýý0.00,0
Religion,4,d12ca4020c2f602e,ýý27.62,ýý27.62,ýý0.00,0
Horror,4,6e9403f00acd6752,ýý49.56,ýý49.56,ýý0.00,0
Default,3,634b7165c96ebb9f,ýý34.77,ýý34.77,ýý0.00,0
Classics,3,5a7ff9aaa3168878,ýý17.73,ýý17.73,ýý0.00,0
Default,3,5d55202da0252627,ýý21.80,ýý21.80,ýý0.00,0
Default,3,d30b9215c72cca87,ýý46.02,ýý46.02,ýý0.00,0
Default,3,07bb35158d9dd3d2,ýý18.13,ýý18.13,ýý0.00,0
Humor,3,dab0196cd5fc8e5e,ýý30.89,ýý30.89,ýý0.00,0
Nonfiction,3,06bab964fd536971,ýý31.95,ýý31.95,ýý0.00,0
Contemporary,3,be3db344a845580b,ýý24.04,ýý24.04,ýý0.00,0
Young Adult,3,0e4e2d31c2fb3aad,ýý32.36,ýý32.36,ýý0.00,0
Historical Fiction,3,7feac4000cbc5859,ýý21.07,ýý21.07,ýý0.00,0
Nonfiction,3,52aa3d79b1cee455,ýý50.66,ýý50.66,ýý0.00,0
Food and Drink,3,4672d10b9b1e7a05,ýý13.66,ýý13.66,ýý0.00,0
Nonfiction,3,b830685072fa871f,ýý58.09,ýý58.09,ýý0.00,0
Nonfiction,3,599a4f98bb193368,ýý30.00,ýý30.00,ýý0.00,0
Young Adult,3,61bc8167c9680283,ýý32.74,ýý32.74,ýý0.00,0
Default,3,b53078de0147f6bf,ýý41.93,ýý41.93,ýý0.00,0
Womens Fiction,3,8ebad30219b8679c,ýý42.80,ýý42.80,ýý0.00,0
Nonfiction,3,2173a2ce35f6ace1,ýý53.51,ýý53.51,ýý0.00,0
Fiction,3,57f755143ee96fd4,ýý23.21,ýý23.21,ýý0.00,0
Psychology,3,719d72f3ee512dc6,ýý21.14,ýý21.14,ýý0.00,0
Childrens,3,75fed6a47f69859d,ýý56.07,ýý56.07,ýý0.00,0
Sequential Art,3,a33ed2e6068df53e,ýý14.41,ýý14.41,ýý0.00,0
Womens Fiction,3,813cff2aefa5d1f0,ýý45.75,ýý45.75,ýý0.00,0
Thriller,3,2b685187f55c5d31,ýý15.77,ýý15.77,ýý0.00,0
Add a comment,3,224fa77d4b248046,ýý10.02,ýý10.02,ýý0.00,0
Childrens,3,3d15714d4d3d15dd,ýý48.77,ýý48.77,ýý0.00,0
Horror,3,49f24193f0b961e6,ýý57.86,ýý57.86,ýý0.00,0
Food and Drink,3,742702d662a71410,ýý23.59,ýý23.59,ýý0.00,0
Mystery,3,f06039c29b5891fa,ýý23.05,ýý23.05,ýý0.00,0
Sequential Art,3,91eb9605998a7c03,ýý55.55,ýý55.55,ýý0.00,0
Fantasy,3,322a9e34d87f54b1,ýý58.64,ýý58.64,ýý0.00,0
Travel,3,366a236aa1ea6f07,ýý23.21,ýý23.21,ýý0.00,0
Biography,3,1a5044d233936b1a,ýý42.57,ýý42.57,ýý0.00,0
Science Fiction,3,0e92ccf1bd39e68f,ýý10.92,ýý10.92,ýý0.00,0
Add a comment,3,e2d47e82c50d41d9,ýý34.77,ýý34.77,ýý0.00,0
Historical Fiction,3,3c456328b04a8ee8,ýý35.66,ýý35.66,ýý0.00,0
Add a comment,3,0e7beedf0ee9380c,ýý37.19,ýý37.19,ýý0.00,0
Romance,3,969f6c7e86554814,ýý12.25,ýý12.25,ýý0.00,0
Classics,3,b9f6305a3d650e2c,ýý29.70,ýý29.70,ýý0.00,0
Default,3,fa26798728f5208f,ýý36.80,ýý36.80,ýý0.00,0
Romance,3,ee441c8e027caa66,ýý45.43,ýý45.43,ýý0.00,0
Fiction,3,29d6d87f3418638b,ýý26.26,ýý26.26,ýý0.00,0
Young Adult,3,3e42ac0f4d43320f,ýý44.92,ýý44.92,ýý0.00,0
Womens Fiction,3,6263c1d2997b8ce0,ýý52.53,ýý52.53,ýý0.00,0
Nonfiction,3,0baf71623648413a,ýý37.25,ýý37.25,ýý0.00,0
Default,3,4266f48a0aa1c37d,ýý20.93,ýý20.93,ýý0.00,0
Default,3,36c15687f5ab0f7c,ýý58.09,ýý58.09,ýý0.00,0
Childrens,3,cf2f27fdf94ba20e,ýý43.59,ýý43.59,ýý0.00,0
Business,3,70c7c3ca7f9b2728,ýý33.92,ýý33.92,ýý0.00,0
Historical Fiction,3,476c7972e9b41891,ýý55.55,ýý55.55,ýý0.00,0
Young Adult,3,35e69a79d2b1e804,ýý29.64,ýý29.64,ýý0.00,0
Fiction,3,554e9e2d532b3a87,ýý27.41,ýý27.41,ýý0.00,0
Fiction,3,ff6bb30dd0c482a6,ýý52.51,ýý52.51,ýý0.00,0
Add a comment,3,a8b0ea6490bc818f,ýý47.80,ýý47.80,ýý0.00,0
History,3,b5da59dd177eb36b,ýý14.54,ýý14.54,ýý0.00,0
Historical Fiction,3,4a0a276409968a73,ýý49.53,ýý49.53,ýý0.00,0
Default,3,c88422d8959260ab,ýý43.58,ýý43.58,ýý0.00,0
Default,3,e2dac1f4739e0bd5,ýý12.30,ýý12.30,ýý0.00,0
Horror,3,92dcc54a27107a37,ýý49.47,ýý49.47,ýý0.00,0
Default,3,bfa9cb304075d3e8,ýý22.14,ýý22.14,ýý0.00,0
Add a comment,3,8f5d16a5a9bd58b2,ýý57.48,ýý57.48,ýý0.00,0
Mystery,3,dd003e904727281a,ýý43.45,ýý43.45,ýý0.00,0
Add a comment,3,b3f2bc2cefb35f05,ýý22.13,ýý22.13,ýý0.00,0
Science,3,c6bf14cb901c63ac,ýý13.03,ýý13.03,ýý0.00,0
Science,3,63c0826ef59eae66,ýý57.35,ýý57.35,ýý0.00,0
Womens Fiction,3,a6ab0cb7106a67f2,ýý44.29,ýý44.29,ýý0.00,0
Default,3,f51062bf579507d9,ýý52.25,ýý52.25,ýý0.00,0
Childrens,3,b22362b434e8ee62,ýý26.33,ýý26.33,ýý0.00,0
Fiction,3,dabf11918b48b40c,ýý22.96,ýý22.96,ýý0.00,0
Mystery,3,1be6d3b121865edb,ýý19.21,ýý19.21,ýý0.00,0
Classics,3,cad70d6ffd53912f,ýý26.78,ýý26.78,ýý0.00,0
Add a comment,3,23707d3ddf14a999,ýý41.32,ýý41.32,ýý0.00,0
Add a comment,3,487449f4f6322f0f,ýý24.55,ýý24.55,ýý0.00,0
Childrens,3,b7f475238ed50429,ýý16.26,ýý16.26,ýý0.00,0
Add a comment,3,970bd3316219e7dc,ýý47.84,ýý47.84,ýý0.00,0
Default,3,a75e274c8814b539,ýý53.49,ýý53.49,ýý0.00,0
Sports and Games,3,08decd9664e5d56e,ýý44.84,ýý44.84,ýý0.00,0
Add a comment,3,cd3dcd83bb002e78,ýý53.71,ýý53.71,ýý0.00,0
Default,3,b04a6a0db525857d,ýý23.43,ýý23.43,ýý0.00,0
Food and Drink,3,311634df10651e05,ýý34.32,ýý34.32,ýý0.00,0
Fiction,3,2858ac90c4758e1f,ýý22.10,ýý22.10,ýý0.00,0
Science,3,61002f3b7ba5d780,ýý25.83,ýý25.83,ýý0.00,0
Nonfiction,3,a11ae5f07572ef49,ýý36.74,ýý36.74,ýý0.00,0
Nonfiction,3,f08667e4c0458f37,ýý49.51,ýý49.51,ýý0.00,0
Womens Fiction,3,ac27ab4bcd9c492e,ýý48.96,ýý48.96,ýý0.00,0
Womens Fiction,3,3fc9d51d1c4d6ba7,ýý54.62,ýý54.62,ýý0.00,0
Fantasy,3,feaaae90514eb2ac,ýý24.72,ýý24.72,ýý0.00,0
Default,3,c57d3c96af23c297,ýý46.45,ýý46.45,ýý0.00,0
Add a comment,3,07806456878931bc,ýý52.33,ýý52.33,ýý0.00,0
Science,3,281a244ce1954711,ýý30.60,ýý30.60,ýý0.00,0
Young Adult,3,510832818edb6fbc,ýý14.57,ýý14.57,ýý0.00,0
Add a comment,3,5b2cd5b31a510848,ýý46.29,ýý46.29,ýý0.00,0
Sequential Art,3,7b870bf85d01c2dc,ýý21.57,ýý21.57,ýý0.00,0
Autobiography,3,28921443f052bea6,ýý12.91,ýý12.91,ýý0.00,0
Add a comment,3,b4f5672f68ec3a83,ýý50.11,ýý50.11,ýý0.00,0
Nonfiction,3,89cad3f37c9ce226,ýý41.67,ýý41.67,ýý0.00,0
Business,3,8e9dd8431170c09e,ýý44.88,ýý44.88,ýý0.00,0
Romance,3,ecdf73ee66c33b17,ýý11.10,ýý11.10,ýý0.00,0
Childrens,3,4c8ece50736f9e88,ýý28.54,ýý28.54,ýý0.00,0
Science Fiction,3,2ef5dc7e278e562a,ýý19.07,ýý19.07,ýý0.00,0
Default,3,3c565df219ba3274,ýý43.55,ýý43.55,ýý0.00,0
Sequential Art,3,9707989a439757b4,ýý43.63,ýý43.63,ýý0.00,0
Sequential Art,3,cb62418129b864a3,ýý39.13,ýý39.13,ýý0.00,0
Default,3,8e2dfd6bcf48e1e6,ýý56.68,ýý56.68,ýý0.00,0
Nonfiction,3,09a7b0b566ad6225,ýý14.16,ýý14.16,ýý0.00,0
Sequential Art,3,c59283b05905c853,ýý31.45,ýý31.45,ýý0.00,0
Default,3,8378c899988905ee,ýý24.61,ýý24.61,ýý0.00,0
Default,3,3250650a5c4e6f07,ýý32.87,ýý32.87,ýý0.00,0
Nonfiction,3,cb65e49993db9a93,ýý40.17,ýý40.17,ýý0.00,0
Nonfiction,3,c4d9fce9eff3b8ba,ýý13.51,ýý13.51,ýý0.00,0
Travel,3,747cf7fca2ccdbd4,ýý38.95,ýý38.95,ýý0.00,0
Humor,3,54aeeb4610d3ae08,ýý31.69,ýý31.69,ýý0.00,0
Default,3,7ce5a92baabb6bc0,ýý29.40,ýý29.40,ýý0.00,0
Nonfiction,3,7980fa06f2b704d8,ýý57.83,ýý57.83,ýý0.00,0
Fantasy,3,e9056f9b5a40a301,ýý55.46,ýý55.46,ýý0.00,0
Autobiography,3,abc4a7ee16c21088,ýý57.60,ýý57.60,ýý0.00,0
Add a comment,3,546da23278482b0a,ýý34.98,ýý34.98,ýý0.00,0
Autobiography,3,0dcadb06206abd3c,ýý11.87,ýý11.87,ýý0.00,0
Fiction,3,4ef75307fb64e2ad,ýý12.47,ýý12.47,ýý0.00,0
Science Fiction,3,4b3f4f151c99f472,ýý33.26,ýý33.26,ýý0.00,0
Autobiography,3,c53d9fefcda371e9,ýý59.04,ýý59.04,ýý0.00,0
Default,3,4ec53ff7e2263f32,ýý26.13,ýý26.13,ýý0.00,0
Nonfiction,3,1de75f05d57bfc10,ýý22.20,ýý22.20,ýý0.00,0
Nonfiction,3,1246e4ffeb5ac4ea,ýý45.11,ýý45.11,ýý0.00,0
Young Adult,3,0ce8075fab4a2b5b,ýý43.69,ýý43.69,ýý0.00,0
Default,3,d5e1a9bfe22bbf9f,ýý25.02,ýý25.02,ýý0.00,0
Humor,3,190fbebbf798c31a,ýý55.50,ýý55.50,ýý0.00,0
Young Adult,3,16e843e6b853cc2f,ýý53.04,ýý53.04,ýý0.00,0
Fiction,3,a0dd11f6abc421ec,ýý44.97,ýý44.97,ýý0.00,0
Nonfiction,3,d4a29356fc992879,ýý42.38,ýý42.38,ýý0.00,0
Default,3,034829ffdd0a0aea,ýý20.11,ýý20.11,ýý0.00,0
Nonfiction,3,a7c3f1010d64799a,ýý56.70,ýý56.70,ýý0.00,0
Fiction,3,6c4646d90b60a56c,ýý41.00,ýý41.00,ýý0.00,0
Nonfiction,3,d8292cd5f1aca291,ýý28.85,ýý28.85,ýý0.00,0
Christian Fiction,3,61569d12d4ae7161,ýý49.97,ýý49.97,ýý0.00,0
Womens Fiction,3,6b32b561dab8036c,ýý19.69,ýý19.69,ýý0.00,0
Nonfiction,3,8010c7c148057fd3,ýý28.88,ýý28.88,ýý0.00,0
Food and Drink,3,6c4d17a46cac8787,ýý33.14,ýý33.14,ýý0.00,0
History,3,1812b8f5641287e3,ýý43.70,ýý43.70,ýý0.00,0
Horror,3,557c03c284be1bf2,ýý54.89,ýý54.89,ýý0.00,0
Childrens,3,cc1ac978a6835ef6,ýý37.52,ýý37.52,ýý0.00,0
Humor,3,0cb4856be3694a57,ýý51.07,ýý51.07,ýý0.00,0
Fantasy,3,b003f8bb02f76dc5,ýý44.07,ýý44.07,ýý0.00,0
Childrens,3,621e2c310cec8d32,ýý10.79,ýý10.79,ýý0.00,0
Sequential Art,3,4f6985aca357ae09,ýý42.72,ýý42.72,ýý0.00,0
Nonfiction,3,c300cc9326592b65,ýý26.66,ýý26.66,ýý0.00,0
Default,3,d5c588b6f9c015e4,ýý37.60,ýý37.60,ýý0.00,0
Young Adult,3,984b3b6e7479b571,ýý42.21,ýý42.21,ýý0.00,0
Historical Fiction,3,41fc5dce044f16f5,ýý46.83,ýý46.83,ýý0.00,0
Sequential Art,3,d5f5a122a593b580,ýý45.17,ýý45.17,ýý0.00,0
Sports and Games,3,a9aa3ed5b316470b,ýý51.22,ýý51.22,ýý0.00,0
Add a comment,3,2ed3a794a70aa85f,ýý21.28,ýý21.28,ýý0.00,0
Adult Fiction,3,ed813a848580ba50,ýý15.36,ýý15.36,ýý0.00,0
Default,3,147019cae600694e,ýý38.62,ýý38.62,ýý0.00,0
Mystery,3,588ba85ff11a3263,ýý25.40,ýý25.40,ýý0.00,0
Fantasy,3,b843f52a986a2914,ýý43.87,ýý43.87,ýý0.00,0
Default,3,73f71f9556442117,ýý18.74,ýý18.74,ýý0.00,0
Science Fiction,3,36d5884d44484277,ýý54.86,ýý54.86,ýý0.00,0
Default,3,a7ec599c1a547746,ýý52.62,ýý52.62,ýý0.00,0
Science Fiction,3,98330e431e56a9ea,ýý51.48,ýý51.48,ýý0.00,0
Nonfiction,3,81372abc86f65c79,ýý15.28,ýý15.28,ýý0.00,0
Default,3,04d858cdeeee0da4,ýý39.24,ýý39.24,ýý0.00,0
Default,3,d234ddecef49ef4e,ýý17.81,ýý17.81,ýý0.00,0
Fantasy,3,468bd274ac084bb9,ýý56.02,ýý56.02,ýý0.00,0
Default,3,66937c669c4da072,ýý23.90,ýý23.90,ýý0.00,0
Fiction,3,c9782ad2a0ed9331,ýý49.13,ýý49.13,ýý0.00,0
Childrens,3,157f693d9e600ccc,ýý10.62,ýý10.62,ýý0.00,0
Add a comment,3,dbe33cf29ef1623d,ýý36.17,ýý36.17,ýý0.00,0
Psychology,3,396385e3de5d18c3,ýý59.95,ýý59.95,ýý0.00,0
Young Adult,3,7e9579921e5407cb,ýý26.09,ýý26.09,ýý0.00,0
Parenting,3,ef49db2aaa9bb547,ýý37.35,ýý37.35,ýý0.00,0
Mystery,3,b461cf238506c5b8,ýý24.72,ýý24.72,ýý0.00,0
Default,3,bbfc4a3b7b6c94a0,ýý35.28,ýý35.28,ýý0.00,0
Nonfiction,3,fd2337c1b73b686e,ýý51.32,ýý51.32,ýý0.00,0
Young Adult,3,8e0bc2fe4e7d35b5,ýý21.12,ýý21.12,ýý0.00,0
Nonfiction,3,e256de8aa0c2115f,ýý27.35,ýý27.35,ýý0.00,0
Nonfiction,3,0bbc48294707ba96,ýý21.74,ýý21.74,ýý0.00,0
Nonfiction,3,860318b8e244f39c,ýý40.87,ýý40.87,ýý0.00,0
Sequential Art,3,15f415d436888b2d,ýý49.31,ýý49.31,ýý0.00,0
Fiction,3,d3f9c4539c0caa64,ýý22.11,ýý22.11,ýý0.00,0
Historical Fiction,3,155e42df837ee5ff,ýý20.79,ýý20.79,ýý0.00,0
Romance,3,67dea6c75d6a1075,ýý27.41,ýý27.41,ýý0.00,0
Classics,3,3fb69f34e178d494,ýý38.35,ýý38.35,ýý0.00,0
Default,3,5439bae708bca198,ýý21.55,ýý21.55,ýý0.00,0
Sequential Art,3,1d89a2aa9f6ce50f,ýý38.02,ýý38.02,ýý0.00,0
Fantasy,3,5d22e2a46604b6e7,ýý22.06,ýý22.06,ýý0.00,0
Childrens,3,ef9c4f2465513956,ýý10.66,ýý10.66,ýý0.00,0
Nonfiction,3,da0349a87c8caa2f,ýý56.58,ýý56.58,ýý0.00,0
Young Adult,3,7bf87402413c27ff,ýý36.83,ýý36.83,ýý0.00,0
Classics,3,cfe350b20d23b02b,ýý35.01,ýý35.01,ýý0.00,0
Nonfiction,3,bcee4f289ff6699c,ýý30.48,ýý30.48,ýý0.00,0
Default,3,5dbd6ec4e154ad2f,ýý14.08,ýý14.08,ýý0.00,0
Fantasy,3,87beabf664115d79,ýý31.22,ýý31.22,ýý0.00,0
Autobiography,3,c9770bb1d5a492a0,ýý54.29,ýý54.29,ýý0.00,0
Psychology,3,f5873c8fc7760000,ýý31.04,ýý31.04,ýý0.00,0
Add a comment,3,165affa7adb5eded,ýý50.96,ýý50.96,ýý0.00,0
Nonfiction,2,d2185b65af52d68c,ýý11.89,ýý11.89,ýý0.00,0
Add a comment,2,4130678275eb7c8c,ýý31.38,ýý31.38,ýý0.00,0
Sequential Art,2,276dc716b1da8899,ýý54.81,ýý54.81,ýý0.00,0
Fiction,2,f3c76b53b239f511,ýý16.78,ýý16.78,ýý0.00,0
Sports and Games,2,ce42e3de94226b2b,ýý24.42,ýý24.42,ýý0.00,0
Sequential Art,2,9189fd009df41d0e,ýý11.75,ýý11.75,ýý0.00,0
Philosophy,2,b0e479be03911916,ýý20.02,ýý20.02,ýý0.00,0
Young Adult,2,6fa3ea52c8e31e06,ýý12.86,ýý12.86,ýý0.00,0
Music,2,637e5a45062aa548,ýý31.58,ýý31.58,ýý0.00,0
Nonfiction,2,fb495f9f9015a772,ýý34.00,ýý34.00,ýý0.00,0
Nonfiction,2,b6d3f4f4ee1f6069,ýý57.42,ýý57.42,ýý0.00,0
Young Adult,2,97b8f130d32e9f4e,ýý53.47,ýý53.47,ýý0.00,0
Sequential Art,2,c0db71f6bb14db11,ýý11.64,ýý11.64,ýý0.00,0
Childrens,2,d7b463918d3b8c39,ýý52.88,ýý52.88,ýý0.00,0
Sequential Art,1,09d26b5f819c6a36,ýý18.51,ýý18.51,ýý0.00,0
Historical Fiction,1,8ceb5c6aed2c5f8b,ýý41.32,ýý41.32,ýý0.00,0
Romance,1,def389ddfda6991b,ýý39.77,ýý39.77,ýý0.00,0
Fiction,1,c5f91eb481427dc5,ýý51.96,ýý51.96,ýý0.00,0
Art,1,66a4e422b212726a,ýý39.51,ýý39.51,ýý0.00,0
Paranormal,1,e7e87087b1a44711,ýý15.40,ýý15.40,ýý0.00,0
Fantasy,1,dab5e75d1339706a,ýý53.82,ýý53.82,ýý0.00,0
Poetry,1,e63c3f25338baf9a,ýý30.95,ýý30.95,ýý0.00,0
Nonfiction,1,0268f149d014b389,ýý57.82,ýý57.82,ýý0.00,0
Science Fiction,1,460f97a346b44bac,ýý44.18,ýý44.18,ýý0.00,0
Romance,1,d6d98d3508c30f57,ýý48.71,ýý48.71,ýý0.00,0
Default,1,9c96cd1329fbd82d,ýý19.69,ýý19.69,ýý0.00,0
Sequential Art,1,dac9d1e654fac737,ýý36.52,ýý36.52,ýý0.00,0
Nonfiction,1,6514add13c82b115,ýý41.56,ýý41.56,ýý0.00,0
Classics,1,32d035df92ab9080,ýý43.19,ýý43.19,ýý0.00,0
Fiction,1,b78deb463531d078,ýý12.34,ýý12.34,ýý0.00,0
Fantasy,1,9e9932ae1a7d0943,ýý36.25,ýý36.25,ýý0.00,0
Science,1,6f2c0a9adbb2bca9,ýý29.45,ýý29.45,ýý0.00,0
Historical Fiction,1,38f776ab9118aed7,ýý34.56,ýý34.56,ýý0.00,0
Sequential Art,1,5faefdc861684eb1,ýý54.12,ýý54.12,ýý0.00,0
Add a comment,1,0ec9d2b018fb10d8,ýý33.78,ýý33.78,ýý0.00,0
Add a comment,1,f0512adadffd2480,ýý29.64,ýý29.64,ýý0.00,0
Mystery,1,b0913e67d38d5ed5,ýý57.70,ýý57.70,ýý0.00,0
Philosophy,1,5c10b64db3e4f228,ýý36.34,ýý36.34,ýý0.00,0
Default,1,c8614adb1a90b027,ýý50.59,ýý50.59,ýý0.00,0
Fantasy,1,c40b70e0f6d80189,ýý29.38,ýý29.38,ýý0.00,0
Classics,1,1aeca7d078d57deb,ýý45.42,ýý45.42,ýý0.00,0
Add a comment,1,04e43893e32f9d29,ýý54.43,ýý54.43,ýý0.00,0
Science Fiction,1,16c71736dae78764,ýý36.26,ýý36.26,ýý0.00,0
Add a comment,1,86d8bd7afa5b51b3,ýý16.16,ýý16.16,ýý0.00,0
New Adult,1,6e473eff459e809f,ýý36.29,ýý36.29,ýý0.00,0
Young Adult,1,fff8a057a40c4a60,ýý27.89,ýý27.89,ýý0.00,0
Mystery,1,4280ac3eab57aa5d,ýý12.29,ýý12.29,ýý0.00,0
Mystery,1,ee61197edb882599,ýý15.85,ýý15.85,ýý0.00,0
Nonfiction,1,09659d1639a1f978,ýý14.40,ýý14.40,ýý0.00,0
Womens Fiction,1,29fc016c459aeb14,ýý19.18,ýý19.18,ýý0.00,0
Sequential Art,1,3301af038a720587,ýý10.64,ýý10.64,ýý0.00,0
Add a comment,1,18b4545a5ed15581,ýý14.76,ýý14.76,ýý0.00,0
Religion,1,f3a0b8c835129558,ýý57.49,ýý57.49,ýý0.00,0
Fiction,1,dfb0849016bc122c,ýý30.66,ýý30.66,ýý0.00,0
Young Adult,1,5bc1fbccfbf2355c,ýý40.83,ýý40.83,ýý0.00,0
Default,1,a7eef9d6795422c1,ýý18.88,ýý18.88,ýý0.00,0
Historical Fiction,1,e25164e5b3fe208b,ýý25.83,ýý25.83,ýý0.00,0
Sequential Art,1,2ac720f76384c57e,ýý42.12,ýý42.12,ýý0.00,0
Fantasy,1,3a9a7c5895e82646,ýý13.33,ýý13.33,ýý0.00,0
Default,1,9ed7090d8fa690b0,ýý42.40,ýý42.40,ýý0.00,0
New Adult,1,c068c013d6921fea,ýý58.35,ýý58.35,ýý0.00,0
Fantasy,1,229cd6564bf0dce4,ýý21.72,ýý21.72,ýý0.00,0
Sports and Games,1,132adf7335bb384a,ýý44.91,ýý44.91,ýý0.00,0
Classics,1,35e44170702139a4,ýý37.46,ýý37.46,ýý0.00,0
Sequential Art,1,4f64568dfefa3ce7,ýý28.48,ýý28.48,ýý0.00,0
Romance,1,9efb397067eb7e8a,ýý28.34,ýý28.34,ýý0.00,0
Sequential Art,1,3cdca3b4a93980f5,ýý46.96,ýý46.96,ýý0.00,0
Default,1,849db7ab7f4a640c,ýý24.96,ýý24.96,ýý0.00,0
Sequential Art,1,bcbcbcf0f6ed196f,ýý21.71,ýý21.71,ýý0.00,0
Sequential Art,1,326825e02a198cf6,ýý29.87,ýý29.87,ýý0.00,0
Fantasy,1,8932e5c12f12ffed,ýý28.99,ýý28.99,ýý0.00,0
Fantasy,1,7ea31f38675b91c1,ýý52.94,ýý52.94,ýý0.00,0
Default,1,9ff997ab15713e53,ýý32.36,ýý32.36,ýý0.00,0
Music,1,a1985630339f4b3d,ýý55.66,ýý55.66,ýý0.00,0
New Adult,1,b6f1cfadc4dd79d4,ýý39.45,ýý39.45,ýý0.00,0
Classics,1,39592d9d72e717c4,ýý47.11,ýý47.11,ýý0.00,0
Fantasy,1,63e20a0f98218a87,ýý58.75,ýý58.75,ýý0.00,0
Romance,1,fd78f89878479f56,ýý38.92,ýý38.92,ýý0.00,0
Sequential Art,1,35a60467893aa168,ýý39.39,ýý39.39,ýý0.00,0
Philosophy,1,4f19709e47883df5,ýý25.89,ýý25.89,ýý0.00,0
Childrens,1,1053fb7ee17a1f33,ýý28.34,ýý28.34,ýý0.00,0
Historical Fiction,1,d510567580c8be52,ýý27.70,ýý27.70,ýý0.00,0
Add a comment,1,71a6471bbdac21d9,ýý24.89,ýý24.89,ýý0.00,0
Romance,1,6e712ea24e77bd96,ýý58.99,ýý58.99,ýý0.00,0
Fiction,1,06f6a57a6d532844,ýý57.20,ýý57.20,ýý0.00,0
Default,1,8d390a1fc3133d06,ýý38.43,ýý38.43,ýý0.00,0
Romance,1,f28f7299d38c0932,ýý34.74,ýý34.74,ýý0.00,0
Sports and Games,1,3455b45888fb5053,ýý40.44,ýý40.44,ýý0.00,0
Sequential Art,1,6fe02600f322a0a9,ýý45.24,ýý45.24,ýý0.00,0
Science Fiction,1,6717a70913b3db79,ýý34.96,ýý34.96,ýý0.00,0
Sequential Art,1,eb0fe24bbc845ecc,ýý56.76,ýý56.76,ýý0.00,0
Sequential Art,1,72e6fbf4f6382557,ýý40.28,ýý40.28,ýý0.00,0
Default,1,a492f49a3e2b6a71,ýý38.00,ýý38.00,ýý0.00,0
Music,1,e564c3f1a93ccf2e,ýý28.80,ýý28.80,ýý0.00,0
Romance,1,6390772a3094939d,ýý39.24,ýý39.24,ýý0.00,0
Classics,1,2e69730561ed70ad,ýý32.93,ýý32.93,ýý0.00,0
Nonfiction,1,df56868afd166557,ýý51.32,ýý51.32,ýý0.00,0
Romance,1,0072b94dfa30608e,ýý47.09,ýý47.09,ýý0.00,0
Religion,1,a812f6969ddf3e39,ýý28.42,ýý28.42,ýý0.00,0
Childrens,1,1774749f2cee292f,ýý22.85,ýý22.85,ýý0.00,0
Romance,1,a96404cb928895f3,ýý41.24,ýý41.24,ýý0.00,0
Fiction,1,230ac636ea0ea415,ýý39.07,ýý39.07,ýý0.00,0
Womens Fiction,1,a2b4b685dfa94733,ýý29.82,ýý29.82,ýý0.00,0
Romance,1,abc0b15f2c907ff0,ýý37.26,ýý37.26,ýý0.00,0
Mystery,1,95cdfd514098c38b,ýý20.30,ýý20.30,ýý0.00,0
Sequential Art,1,099fae4a0705d63b,ýý34.65,ýý34.65,ýý0.00,0
Philosophy,1,08672cd59171d5e4,ýý43.38,ýý43.38,ýý0.00,0
Classics,1,cd2a2a70dd5d176d,ýý55.53,ýý55.53,ýý0.00,0
Sequential Art,1,bfd5e1701c862ac3,ýý57.06,ýý57.06,ýý0.00,0
Historical Fiction,1,19fec36a1dfb4c16,ýý16.97,ýý16.97,ýý0.00,0
Mystery,1,f684a82adc49f011,ýý53.98,ýý53.98,ýý0.00,0
Travel,1,228ba5e7577e1d49,ýý26.08,ýý26.08,ýý0.00,0
